Nome,Email,Endere√ßo,Telefone
Sheila Ingram,gmartin@example.net,"946 Parker Court Apt. 166
Port Tracyton, AS 70235",+1-704-500-5242
Paul Schultz MD,mathew90@example.org,"052 Tucker Terrace
East Elizabethbury, WV 74981",(370)419-8085
Mary Gill,haroldhorton@example.net,"62266 Garrett Parks Apt. 883
Moralesshire, PW 48032",001-694-966-9820x487
Austin White,aallen@example.com,"537 Miller Views Suite 419
Michaelland, NV 79296",+1-395-936-9176x8071
Leslie Morrison MD,wbyrd@example.com,"698 Gary Mount
North Megan, PW 99202",531-467-8128
Ashley Green,kmorgan@example.net,"4880 Scott Common Apt. 885
Port Mary, NC 37470",925.921.0620x312
Cassandra Wolf,zjohnson@example.net,"48944 Olson Stravenue
Rachelmouth, DC 54226",9894199264
Deanna Mccarty,lraymond@example.org,"3131 Samuel Circle Suite 581
Jackmouth, RI 65648",587.806.2492x589
Jennifer Juarez,lewiscorey@example.com,"USCGC Andrews
FPO AE 79256",522-574-0030
Matthew Alexander,kenneth02@example.net,"61078 Whitney Spur Apt. 457
Jessicaborough, UT 23684",723.783.8411
Zachary Joseph MD,brendasnow@example.net,"388 Christopher Ridge
Grahammouth, PR 23895",(371)501-1101x2050
Wanda Carpenter,brandonmcgrath@example.org,"57470 Christopher Spring Suite 791
New Michael, MD 54222",241.834.8812
Wendy Webb,amandabrooks@example.com,"PSC 4367, Box 7039
APO AA 87971",7093514035
Christopher Schaefer,nreyes@example.net,"PSC 1930, Box 4857
APO AE 77442",6258520632
Michelle Taylor,darrylmunoz@example.org,"93094 Nichols Valleys
East Andreahaven, OR 50216",001-841-775-0643x92111
Heather Jordan,hamptonjim@example.com,"97059 Thomas Fort
North Anthony, ME 05968",215-843-0933x89361
Melissa Gutierrez,judithjones@example.net,"1211 Tucker Mews
Aaronville, OK 12839",(337)629-6816
Tiffany Lee,allison21@example.org,"7280 Valencia Trail
Jamestown, AK 64404",+1-843-398-9822
Nicholas Berry,cwilson@example.net,"Unit 2452 Box 5977
DPO AE 91800",+1-313-438-9724
Shane Bailey,wcameron@example.net,"514 Cooper Views
East Jamesville, FM 88098",220-601-1137x410
Katie Haas,davesanders@example.org,"4542 Stacy Gateway
Danaborough, FL 70816",936.760.4119x2191
Stephen Navarro,scottjohnson@example.net,"9493 Alexis Points Apt. 220
Rebeccaport, WI 70119",001-224-811-2459x61614
Mr. Alexander Ferguson,dustinperez@example.com,"62444 Albert Plains
New Rachel, CT 01693",+1-610-329-8141x91800
Cathy Shaw,laurie91@example.com,"70922 Tiffany Mews Suite 476
Hopkinston, OK 80762",(891)245-8146x09033
Krista Green,robert52@example.com,"64251 Robert Locks Suite 655
Fischerburgh, VA 30563",556-530-2684
Whitney Gomez,bryanwood@example.com,"3793 Tammy Forge Apt. 873
North Amandahaven, NJ 93519",826-411-9963
Bradley Nelson,afritz@example.org,"66883 Martinez Inlet Suite 561
Sandyton, CT 28857",(990)866-3108
Brian Gonzalez,christine47@example.net,"144 Daniel Key Suite 094
Fitzpatrickberg, MS 32424",001-254-884-3796
Jacob Pierce,susan21@example.org,"029 Todd Branch
New Lisaborough, MP 96114",981-608-0843
Cynthia Conway,sarah93@example.com,"97143 Stevenson Lock
North Derrick, NC 39192",965-630-3288
Teresa Porter,clintonwagner@example.com,"83737 Raymond Trafficway
Humphreyberg, PR 08250",001-672-805-0588
Mary Velasquez,leetammy@example.com,"8318 Hoover Park Suite 229
Lake Rachelside, MS 93209",+1-547-985-7697x8696
Jonathan Carpenter,brian28@example.org,"930 Boyd Avenue Suite 480
New Triciamouth, VT 87257",(724)750-9358x4561
Marissa Miller,michaeldunn@example.net,"02871 Morris Glen Apt. 745
Brownland, MD 21515",(625)772-7468x26619
Madison Garcia,mikaylacraig@example.org,"0605 Nicholson Brook Apt. 994
Simmonsview, NH 54739",469-602-0046x2729
Amanda Madden,estesdonald@example.org,"5517 Flores Village
Jasonshire, MO 49244",409.501.8696
Marie Rios,norrisrichard@example.org,"61605 Green Canyon
Port Johnville, CO 20504",336-918-5806
Sherri Thomas,melissa24@example.com,"23005 Richard Stravenue
North Micheleborough, MS 44432",800.209.2673x819
Dennis Pham,baileytimothy@example.org,"7645 Hernandez Haven Suite 479
Joyhaven, TN 35280",+1-774-490-4153x854
James Smith,nerickson@example.net,"0167 Kidd Ferry
Lake Robert, AR 51181",(590)775-6008x415
Brittany Simmons,ericmason@example.net,"23761 Rhonda Square
Jeffersonberg, NY 25225",262-849-1273
Thomas Hernandez,chamilton@example.org,"7770 Simon Ridges Suite 728
Justinport, SC 01344",704-795-0667x96446
David Anderson,katelynhudson@example.net,"365 Crystal Row
South Tiffany, PR 97263",001-918-912-9366x141
Matthew Ballard,nicoleday@example.net,"2175 Ellis Valleys
South Evelynmouth, VA 49804",001-817-456-6423x17606
Sierra Jones,nramirez@example.org,"Unit 8028 Box 0319
DPO AA 25475",(483)302-5328
Taylor Suarez,seancrane@example.com,"0434 Linda Land Apt. 630
Andrewstad, OR 77719",001-446-369-1500x32407
Brianna Johnson,melissa44@example.org,"71074 Eric Viaduct
Marioburgh, MH 21169",557.658.4894
Elizabeth Taylor,castanedabrittney@example.org,"37666 Collier Key Apt. 060
South Danielmouth, IA 62578",689-645-2366x36875
David Thompson,hbruce@example.net,"PSC 3739, Box 4542
APO AP 88298",992.925.2251
Nicole Hayden,djacobson@example.com,"33885 Jacob Cape
East Charlesmouth, DC 05484",498.274.7730x48306
Stephanie Ibarra,gstout@example.com,"335 Joshua Turnpike Suite 992
New Timothy, VA 47793",(602)972-4804x1946
Kayla Santos,nicholasowen@example.com,"4295 Howell Wells
West Jenniferview, AR 90011",963-336-9699
Harold Townsend,cwalker@example.com,"7849 Robert Orchard Apt. 485
Port Ericmouth, MI 01140",860-664-9987x8186
Kristina Mcguire,jennifergardner@example.org,"660 Briana Unions Suite 648
Willisfurt, HI 06473",001-583-974-9086x55980
Andrea Lutz,smithkathleen@example.com,"5796 Love Centers Suite 323
Josephchester, ME 17050",001-996-232-9365x5863
Christina White,camposchristopher@example.org,"PSC 1297, Box 7170
APO AE 15960",2304799759
Patrick Perez,amarks@example.net,"83569 Hardy Road
Chelseabury, PR 39298",+1-560-816-3346x006
Kim Barron,kfigueroa@example.org,"32594 Riley Valleys Suite 603
Youngview, MP 64549",(758)735-3487x764
Bryan Petty,boconnor@example.org,"98928 Wallace Wells
Devinchester, PA 39485",(228)756-4542x35520
David Lee,donalddougherty@example.org,"USS Rose
FPO AP 71688",+1-844-988-0738x036
Randy Johnson,pwalton@example.org,"7062 Natalie Trail Apt. 817
West Cristinaborough, ME 58451",001-856-880-5880x6935
Christian Woods,amydominguez@example.com,"9627 Angela Plains Apt. 537
Dayberg, AR 39353",(965)553-6422x627
Cynthia Hall,amyvelez@example.com,"USCGC Barron
FPO AP 68230",001-401-314-4241
Nancy Harrison,cnelson@example.net,"104 Richard Ville
South Andrew, OR 54356",+1-210-504-4983x227
Kathryn Cooley,brian65@example.org,"87675 Burgess Trafficway Suite 498
Riveraton, HI 68173",435.977.5357x3598
Collin Macias,wheelerbrian@example.com,"761 Davis Rapid Suite 467
New Juliamouth, TN 85983",(736)387-2876x62980
Kara Olsen,xwagner@example.net,"568 Gray River Suite 207
East Michael, KY 64022",808.582.8651
Gary Sawyer,carolyn77@example.net,"USS Rodriguez
FPO AP 15188",456.886.1568x0993
Tommy Davis,lward@example.com,"1479 Hernandez Way Suite 217
Rodriguezton, PR 35882",+1-778-876-5885x096
Elizabeth Branch,jenniferanderson@example.net,"86277 Sara Mountain
Carterhaven, UT 10839",001-274-277-9871x223
Monica Brown,samanthasmith@example.com,"Unit 3402 Box 8686
DPO AP 90411",(269)621-3249x132
Brianna Reed,antonio50@example.org,"2618 Christina Forges
Rebeccaside, AK 39342",387.976.1690x2572
Dylan Jenkins,gwilliams@example.net,"2272 Joseph Light
South Gregory, CA 72034",001-707-846-4898x839
Crystal Hill,hchavez@example.org,"53269 Miller Rest Apt. 862
Collinsburgh, NM 07277",963-646-6238
Mario Smith,smithsarah@example.org,"56466 Andrews Street
West Robertton, WI 90601",497.361.3270
Amanda Rollins,joshua69@example.org,"PSC 4425, Box 5845
APO AE 10025",434-401-3944x6502
Kara Castillo,melissa58@example.com,"19574 Erin Spur Apt. 394
West Dominic, MP 14849",452.347.0420
Darrell Schwartz,barnesalexandra@example.net,"010 Elizabeth Shoals
Christinamouth, OK 23540",453.838.1477
Richard Abbott,kball@example.com,"293 Richard Groves Apt. 562
Michaelstad, MP 09509",+1-540-926-0487x22758
Samantha Gutierrez,karen52@example.com,"682 Moore Spring Apt. 035
South Sandraland, AS 64769",974-375-9870x87036
Russell Smith,stevenrodriguez@example.com,"22650 Heather Estates
New Catherineberg, PW 28427",(774)911-9294
Jeffrey Huff,welchmichael@example.org,"7129 Karen Neck
West Maryshire, MT 39447",001-975-289-4616x55719
Rachel Miller,mark58@example.net,"USNV Macias
FPO AE 46508",727.320.9626
Luis Gonzalez,wendy53@example.org,"4086 Mark Loaf
Jeanneton, AS 05603",371-329-0356x540
Catherine Olsen,johnsondaniel@example.com,"8546 Abbott Lights Apt. 011
South Adambury, TX 65603",001-481-582-0644x25946
Lauren Boyd,lisasmith@example.com,"44366 Rojas Locks Apt. 588
Adamsfurt, MS 02636",+1-938-828-5659x31602
Frances Johnson,lmiller@example.org,"2099 Perry Village
New Aaronchester, AL 83499",619.725.3539
Aimee Young,jmitchell@example.net,"USNV Garcia
FPO AP 11550",(607)205-6912
Thomas Barnes,bmartinez@example.com,"21389 Mary Run Suite 412
Fryhaven, UT 76083",695.902.8904x19878
Brian Harris,loriflores@example.org,"4172 Robert Ville
New Robertburgh, SC 10939",789.251.3587x2762
Jeffrey Frank,howardsuzanne@example.org,"2483 Andrea Estate Apt. 519
Brianview, MN 65119",229.741.2771x3196
Dr. Michael Levine,amanda64@example.org,"42754 Morton Manor Apt. 210
Vanessabury, WA 62369",212-755-9264x789
Nicholas White,juliasimpson@example.org,"8277 Dakota Hill
Craighaven, MP 45633",530.646.2711
Robert Brennan,wburgess@example.org,"503 Jacqueline Plain Apt. 379
New Ericaburgh, MT 79981",001-518-329-9588x79344
Terry Wilkerson,richard14@example.com,"244 Michael Port
South Garyshire, WV 74093",+1-407-265-9367x662
Heather Williams,andersonjoshua@example.net,"500 Kimberly Gardens Suite 916
Shelbyland, MH 79387",(284)568-8280x803
Tracey Knox,jjimenez@example.net,"USNV Wilson
FPO AP 56757",948-691-6553x7313
Elizabeth Lewis,melanie30@example.org,"PSC 0507, Box 0828
APO AE 82428",9947945610
Hannah Saunders,anneflores@example.net,"58821 Weiss Pine
East Allison, OR 92556",8604464570
Adam Morrison,amy85@example.com,"3334 Kayla Canyon
Port Lawrence, ND 20488",001-846-940-5058x0812
